{
    "4414440962": "tombot_24VT1_BY_SPIDEERIO_GAMING_1QKU0",
    "4414442075": "tombot_KTQHL_BY_SPIDEERIO_GAMING_3TGWQ",
    "4414442022": "tombot_FVBS6_BY_SPIDEERIO_GAMING_RUBX0",
    "4414440767": "tombot_PV6FF_BY_SPIDEERIO_GAMING_06NZ1",
    "4414442831": "tombot_26XTZ_BY_SPIDEERIO_GAMING_EE0LZ",
    "4414444477": "tombot_0BU0J_BY_SPIDEERIO_GAMING_T4OF3",
    "4414443941": "tombot_6DVG2_BY_SPIDEERIO_GAMING_X4T8E",
    "4414539159": "tombot_GXWLQ_BY_SPIDEERIO_GAMING_S7FE6",
    "4414538923": "tombot_LQ5BX_BY_SPIDEERIO_GAMING_L7FVZ",
    "4414540019": "tombot_EFMI0_BY_SPIDEERIO_GAMING_Q7T9E"
}