[
    {
        "Number": "1",
        "Id": "909000001"
    },
    {
        "Number": "2",
        "Id": "909000002"
    },
    {
        "Number": "3",
        "Id": "909000003"
    },
    {
        "Number": "4",
        "Id": "909000004"
    },
    {
        "Number": "5",
        "Id": "909000005"
    },
    {
        "Number": "6",
        "Id": "909000006"
    },
    {
        "Number": "7",
        "Id": "909000007"
    },
    {
        "Number": "8",
        "Id": "909000008"
    },
    {
        "Number": "9",
        "Id": "909000009"
    },
    {
        "Number": "10",
        "Id": "909000010"
    },
    {
        "Number": "11",
        "Id": "909000011"
    },
    {
        "Number": "12",
        "Id": "909000012"
    },
    {
        "Number": "13",
        "Id": "909000013"
    },
    {
        "Number": "14",
        "Id": "909000014"
    },
    {
        "Number": "15",
        "Id": "909000015"
    },
    {
        "Number": "16",
        "Id": "909000016"
    },
    {
        "Number": "17",
        "Id": "909000017"
    },
    {
        "Number": "18",
        "Id": "909000018"
    },
    {
        "Number": "19",
        "Id": "909000019"
    },
    {
        "Number": "20",
        "Id": "909000020"
    },
    {
        "Number": "21",
        "Id": "909000021"
    },
    {
        "Number": "22",
        "Id": "909000022"
    },
    {
        "Number": "23",
        "Id": "909000023"
    },
    {
        "Number": "24",
        "Id": "909000024"
    },
    {
        "Number": "25",
        "Id": "909000025"
    },
    {
        "Number": "26",
        "Id": "909000026"
    },
    {
        "Number": "27",
        "Id": "909000027"
    },
    {
        "Number": "28",
        "Id": "909000028"
    },
    {
        "Number": "29",
        "Id": "909000029"
    },
    {
        "Number": "30",
        "Id": "909000031"
    },
    {
        "Number": "31",
        "Id": "909000032"
    },
    {
        "Number": "32",
        "Id": "909000033"
    },
    {
        "Number": "33",
        "Id": "909000034"
    },
    {
        "Number": "34",
        "Id": "909000035"
    },
    {
        "Number": "35",
        "Id": "909000036"
    },
    {
        "Number": "36",
        "Id": "909000037"
    },
    {
        "Number": "37",
        "Id": "909000038"
    },
    {
        "Number": "38",
        "Id": "909000039"
    },
    {
        "Number": "39",
        "Id": "909000040"
    },
    {
        "Number": "40",
        "Id": "909000041"
    },
    {
        "Number": "41",
        "Id": "909000042"
    },
    {
        "Number": "42",
        "Id": "909000043"
    },
    {
        "Number": "43",
        "Id": "909000044"
    },
    {
        "Number": "44",
        "Id": "909000045"
    },
    {
        "Number": "45",
        "Id": "909000046"
    },
    {
        "Number": "46",
        "Id": "909000047"
    },
    {
        "Number": "47",
        "Id": "909000048"
    },
    {
        "Number": "48",
        "Id": "909000049"
    },
    {
        "Number": "49",
        "Id": "909000051"
    },
    {
        "Number": "50",
        "Id": "909000052"
    },
    {
        "Number": "51",
        "Id": "909000053"
    },
    {
        "Number": "52",
        "Id": "909000054"
    },
    {
        "Number": "53",
        "Id": "909000055"
    },
    {
        "Number": "54",
        "Id": "909000056"
    },
    {
        "Number": "55",
        "Id": "909000057"
    },
    {
        "Number": "56",
        "Id": "909000058"
    },
    {
        "Number": "57",
        "Id": "909000059"
    },
    {
        "Number": "58",
        "Id": "909000060"
    },
    {
        "Number": "59",
        "Id": "909000061"
    },
    {
        "Number": "60",
        "Id": "909000062"
    },
    {
        "Number": "61",
        "Id": "909000063"
    },
    {
        "Number": "62",
        "Id": "909000064"
    },
    {
        "Number": "63",
        "Id": "909000065"
    },
    {
        "Number": "64",
        "Id": "909000066"
    },
    {
        "Number": "65",
        "Id": "909000067"
    },
    {
        "Number": "66",
        "Id": "909000068"
    },
    {
        "Number": "67",
        "Id": "909000069"
    },
    {
        "Number": "68",
        "Id": "909000070"
    },
    {
        "Number": "69",
        "Id": "909000071"
    },
    {
        "Number": "70",
        "Id": "909000072"
    },
    {
        "Number": "71",
        "Id": "909000073"
    },
    {
        "Number": "72",
        "Id": "909000074"
    },
    {
        "Number": "73",
        "Id": "909000075"
    },
    {
        "Number": "74",
        "Id": "909000076"
    },
    {
        "Number": "75",
        "Id": "909000077"
    },
    {
        "Number": "76",
        "Id": "909000078"
    },
    {
        "Number": "77",
        "Id": "909000079"
    },
    {
        "Number": "78",
        "Id": "909000080"
    },
    {
        "Number": "79",
        "Id": "909000081"
    },
    {
        "Number": "80",
        "Id": "909000082"
    },
    {
        "Number": "81",
        "Id": "909000083"
    },
    {
        "Number": "82",
        "Id": "909000084"
    },
    {
        "Number": "83",
        "Id": "909000085"
    },
    {
        "Number": "84",
        "Id": "909000086"
    },
    {
        "Number": "85",
        "Id": "909000087"
    },
    {
        "Number": "86",
        "Id": "909000088"
    },
    {
        "Number": "87",
        "Id": "909000089"
    },
    {
        "Number": "88",
        "Id": "909000090"
    },
    {
        "Number": "89",
        "Id": "909000091"
    },
    {
        "Number": "90",
        "Id": "909000092"
    },
    {
        "Number": "91",
        "Id": "909000093"
    },
    {
        "Number": "92",
        "Id": "909000094"
    },
    {
        "Number": "93",
        "Id": "909000095"
    },
    {
        "Number": "94",
        "Id": "909000096"
    },
    {
        "Number": "95",
        "Id": "909000097"
    },
    {
        "Number": "96",
        "Id": "909000098"
    },
    {
        "Number": "97",
        "Id": "909000099"
    },
    {
        "Number": "98",
        "Id": "909000100"
    },
    {
        "Number": "99",
        "Id": "909000101"
    },
    {
        "Number": "100",
        "Id": "909042007"
    },
    {
        "Number": "101",
        "Id": "909000103"
    },
    {
        "Number": "102",
        "Id": "909000104"
    },
    {
        "Number": "103",
        "Id": "909000105"
    },
    {
        "Number": "104",
        "Id": "909000106"
    },
    {
        "Number": "105",
        "Id": "909000107"
    },
    {
        "Number": "106",
        "Id": "909000108"
    },
    {
        "Number": "107",
        "Id": "909000109"
    },
    {
        "Number": "108",
        "Id": "909000110"
    },
    {
        "Number": "109",
        "Id": "909000111"
    },
    {
        "Number": "110",
        "Id": "909000112"
    },
    {
        "Number": "111",
        "Id": "909000113"
    },
    {
        "Number": "112",
        "Id": "909000114"
    },
    {
        "Number": "113",
        "Id": "909000115"
    },
    {
        "Number": "114",
        "Id": "909000116"
    },
    {
        "Number": "115",
        "Id": "909000117"
    },
    {
        "Number": "116",
        "Id": "909000118"
    },
    {
        "Number": "117",
        "Id": "909000119"
    },
    {
        "Number": "118",
        "Id": "909000120"
    },
    {
        "Number": "119",
        "Id": "909000121"
    },
    {
        "Number": "120",
        "Id": "909000122"
    },
    {
        "Number": "121",
        "Id": "909000123"
    },
    {
        "Number": "122",
        "Id": "909000124"
    },
    {
        "Number": "123",
        "Id": "909000125"
    },
    {
        "Number": "124",
        "Id": "909000126"
    },
    {
        "Number": "125",
        "Id": "909000127"
    },
    {
        "Number": "126",
        "Id": "909000128"
    },
    {
        "Number": "127",
        "Id": "909000129"
    },
    {
        "Number": "128",
        "Id": "909000130"
    },
    {
        "Number": "129",
        "Id": "909000131"
    },
    {
        "Number": "130",
        "Id": "909000132"
    },
    {
        "Number": "131",
        "Id": "909000133"
    },
    {
        "Number": "132",
        "Id": "909000134"
    },
    {
        "Number": "133",
        "Id": "909000135"
    },
    {
        "Number": "134",
        "Id": "909000136"
    },
    {
        "Number": "135",
        "Id": "909000137"
    },
    {
        "Number": "136",
        "Id": "909000138"
    },
    {
        "Number": "137",
        "Id": "909000139"
    },
    {
        "Number": "138",
        "Id": "909000140"
    },
    {
        "Number": "139",
        "Id": "909000141"
    },
    {
        "Number": "140",
        "Id": "909000142"
    },
    {
        "Number": "141",
        "Id": "909000143"
    },
    {
        "Number": "142",
        "Id": "909000144"
    },
    {
        "Number": "143",
        "Id": "909000145"
    },
    {
        "Number": "144",
        "Id": "909000150"
    },
    {
        "Number": "145",
        "Id": "909033001"
    },
    {
        "Number": "146",
        "Id": "909033002"
    },
    {
        "Number": "147",
        "Id": "909033003"
    },
    {
        "Number": "148",
        "Id": "909033004"
    },
    {
        "Number": "149",
        "Id": "909033005"
    },
    {
        "Number": "150",
        "Id": "909033006"
    },
    {
        "Number": "151",
        "Id": "909033007"
    },
    {
        "Number": "152",
        "Id": "909033008"
    },
    {
        "Number": "153",
        "Id": "909033009"
    },
    {
        "Number": "154",
        "Id": "909033010"
    },
    {
        "Number": "155",
        "Id": "909034001"
    },
    {
        "Number": "156",
        "Id": "909034002"
    },
    {
        "Number": "157",
        "Id": "909034003"
    },
    {
        "Number": "158",
        "Id": "909034004"
    },
    {
        "Number": "159",
        "Id": "909034005"
    },
    {
        "Number": "160",
        "Id": "909034006"
    },
    {
        "Number": "161",
        "Id": "909034007"
    },
    {
        "Number": "162",
        "Id": "909034008"
    },
    {
        "Number": "163",
        "Id": "909034009"
    },
    {
        "Number": "164",
        "Id": "909034010"
    },
    {
        "Number": "165",
        "Id": "909034011"
    },
    {
        "Number": "166",
        "Id": "909034012"
    },
    {
        "Number": "167",
        "Id": "909034013"
    },
    {
        "Number": "168",
        "Id": "909034014"
    },
    {
        "Number": "169",
        "Id": "909035001"
    },
    {
        "Number": "170",
        "Id": "909035002"
    },
    {
        "Number": "171",
        "Id": "909035003"
    },
    {
        "Number": "172",
        "Id": "909035004"
    },
    {
        "Number": "173",
        "Id": "909035005"
    },
    {
        "Number": "174",
        "Id": "909035006"
    },
    {
        "Number": "175",
        "Id": "909035007"
    },
    {
        "Number": "176",
        "Id": "909035008"
    },
    {
        "Number": "177",
        "Id": "909035009"
    },
    {
        "Number": "178",
        "Id": "909035010"
    },
    {
        "Number": "179",
        "Id": "909035011"
    },
    {
        "Number": "180",
        "Id": "909035012"
    },
    {
        "Number": "181",
        "Id": "909035013"
    },
    {
        "Number": "182",
        "Id": "909035014"
    },
    {
        "Number": "183",
        "Id": "909035015"
    },
    {
        "Number": "184",
        "Id": "909036001"
    },
    {
        "Number": "185",
        "Id": "909036002"
    },
    {
        "Number": "186",
        "Id": "909036003"
    },
    {
        "Number": "187",
        "Id": "909036004"
    },
    {
        "Number": "188",
        "Id": "909036005"
    },
    {
        "Number": "189",
        "Id": "909036006"
    },
    {
        "Number": "190",
        "Id": "909036008"
    },
    {
        "Number": "191",
        "Id": "909036009"
    },
    {
        "Number": "192",
        "Id": "909036010"
    },
    {
        "Number": "193",
        "Id": "909036011"
    },
    {
        "Number": "194",
        "Id": "909036012"
    },
    {
        "Number": "195",
        "Id": "909036014"
    },
    {
        "Number": "196",
        "Id": "909037001"
    },
    {
        "Number": "197",
        "Id": "909037002"
    },
    {
        "Number": "198",
        "Id": "909037003"
    },
    {
        "Number": "199",
        "Id": "909037004"
    },
    {
        "Number": "200",
        "Id": "909037005"
    },
    {
        "Number": "201",
        "Id": "909037006"
    },
    {
        "Number": "202",
        "Id": "909037007"
    },
    {
        "Number": "203",
        "Id": "909037008"
    },
    {
        "Number": "204",
        "Id": "909037009"
    },
    {
        "Number": "205",
        "Id": "909037010"
    },
    {
        "Number": "206",
        "Id": "909037011"
    },
    {
        "Number": "207",
        "Id": "909037012"
    },
    {
        "Number": "208",
        "Id": "909038001"
    },
    {
        "Number": "no",
        "Id": "909038002"
    },
    {
        "Number": "210",
        "Id": "909038003"
    },
    {
        "Number": "211",
        "Id": "909038004"
    },
    {
        "Number": "212",
        "Id": "909038005"
    },
    {
        "Number": "213",
        "Id": "909038006"
    },
    {
        "Number": "214",
        "Id": "909038008"
    },
    {
        "Number": "215",
        "Id": "909038009"
    },
    {
        "Number": "216",
        "Id": "909038010"
    },
    {
        "Number": "217",
        "Id": "909038011"
    },
    {
        "Number": "218",
        "Id": "909038012"
    },
    {
        "Number": "219",
        "Id": "909038013"
    },
    {
        "Number": "220",
        "Id": "909039001"
    },
    {
        "Number": "221",
        "Id": "909039002"
    },
    {
        "Number": "222",
        "Id": "909039003"
    },
    {
        "Number": "223",
        "Id": "909039004"
    },
    {
        "Number": "224",
        "Id": "909039005"
    },
    {
        "Number": "225",
        "Id": "909039006"
    },
    {
        "Number": "226",
        "Id": "909039007"
    },
    {
        "Number": "227",
        "Id": "909039008"
    },
    {
        "Number": "228",
        "Id": "909039009"
    },
    {
        "Number": "229",
        "Id": "909039010"
    },
    {
        "Number": "230",
        "Id": "909039011"
    },
    {
        "Number": "231",
        "Id": "909039012"
    },
    {
        "Number": "232",
        "Id": "909039013"
    },
    {
        "Number": "233",
        "Id": "909039014"
    },
    {
        "Number": "234",
        "Id": "909040001"
    },
    {
        "Number": "235",
        "Id": "909040002"
    },
    {
        "Number": "236",
        "Id": "909040003"
    },
    {
        "Number": "237",
        "Id": "909040004"
    },
    {
        "Number": "238",
        "Id": "909040005"
    },
    {
        "Number": "239",
        "Id": "909040006"
    },
    {
        "Number": "240",
        "Id": "909040008"
    },
    {
        "Number": "241",
        "Id": "909040009"
    },
    {
        "Number": "242",
        "Id": "909040010"
    },
    {
        "Number": "243",
        "Id": "909040011"
    },
    {
        "Number": "244",
        "Id": "909040012"
    },
    {
        "Number": "245",
        "Id": "909040013"
    },
    {
        "Number": "246",
        "Id": "909040014"
    },
    {
        "Number": "247",
        "Id": "909041001"
    },
    {
        "Number": "248",
        "Id": "909041002"
    },
    {
        "Number": "249",
        "Id": "909041003"
    },
    {
        "Number": "250",
        "Id": "909041004"
    },
    {
        "Number": "251",
        "Id": "909041005"
    },
    {
        "Number": "252",
        "Id": "909041006"
    },
    {
        "Number": "253",
        "Id": "909041007"
    },
    {
        "Number": "254",
        "Id": "909041008"
    },
    {
        "Number": "255",
        "Id": "909041009"
    },
    {
        "Number": "256",
        "Id": "909041010"
    },
    {
        "Number": "257",
        "Id": "909041011"
    },
    {
        "Number": "258",
        "Id": "909041012"
    },
    {
        "Number": "259",
        "Id": "909041013"
    },
    {
        "Number": "260",
        "Id": "909041014"
    },
    {
        "Number": "261",
        "Id": "909041015"
    },
    {
        "Number": "262",
        "Id": "909042001"
    },
    {
        "Number": "263",
        "Id": "909042002"
    },
    {
        "Number": "264",
        "Id": "909042003"
    },
    {
        "Number": "265",
        "Id": "909042004"
    },
    {
        "Number": "266",
        "Id": "909042005"
    },
    {
        "Number": "267",
        "Id": "909042006"
    },
    {
        "Number": "268",
        "Id": "909042007"
    },
    {
        "Number": "269",
        "Id": "909042008"
    },
    {
        "Number": "270",
        "Id": "909042009"
    },
    {
        "Number": "271",
        "Id": "909042011"
    },
    {
        "Number": "272",
        "Id": "909042012"
    },
    {
        "Number": "273",
        "Id": "909042013"
    },
    {
        "Number": "274",
        "Id": "909042016"
    },
    {
        "Number": "275",
        "Id": "909042017"
    },
    {
        "Number": "276",
        "Id": "909042018"
    },
    {
        "Number": "277",
        "Id": "909043001"
    },
    {
        "Number": "278",
        "Id": "909043002"
    },
    {
        "Number": "279",
        "Id": "909043003"
    },
    {
        "Number": "280",
        "Id": "909043004"
    },
    {
        "Number": "281",
        "Id": "909043005"
    },
    {
        "Number": "282",
        "Id": "909043006"
    },
    {
        "Number": "283",
        "Id": "909043007"
    },
    {
        "Number": "284",
        "Id": "909043008"
    },
    {
        "Number": "285",
        "Id": "909043009"
    },
    {
        "Number": "286",
        "Id": "909043010"
    },
    {
        "Number": "287",
        "Id": "909043013"
    },
    {
        "Number": "288",
        "Id": "909044001"
    },
    {
        "Number": "289",
        "Id": "909044002"
    },
    {
        "Number": "290",
        "Id": "909044003"
    },
    {
        "Number": "291",
        "Id": "909044004"
    },
    {
        "Number": "292",
        "Id": "909044005"
    },
    {
        "Number": "293",
        "Id": "909044006"
    },
    {
        "Number": "294",
        "Id": "909044007"
    },
    {
        "Number": "295",
        "Id": "909044008"
    },
    {
        "Number": "296",
        "Id": "909044009"
    },
    {
        "Number": "297",
        "Id": "909044010"
    },
    {
        "Number": "298",
        "Id": "909044011"
    },
    {
        "Number": "299",
        "Id": "909044012"
    },
    {
        "Number": "300",
        "Id": "909044015"
    },
    {
        "Number": "301",
        "Id": "909044016"
    },
    {
        "Number": "302",
        "Id": "909045001"
    },
    {
        "Number": "303",
        "Id": "909045002"
    },
    {
        "Number": "304",
        "Id": "909045003"
    },
    {
        "Number": "305",
        "Id": "909045004"
    },
    {
        "Number": "306",
        "Id": "909045005"
    },
    {
        "Number": "307",
        "Id": "909045006"
    },
    {
        "Number": "308",
        "Id": "909045007"
    },
    {
        "Number": "309",
        "Id": "909045008"
    },
    {
        "Number": "310",
        "Id": "909045009"
    },
    {
        "Number": "311",
        "Id": "909045010"
    },
    {
        "Number": "312",
        "Id": "909045011"
    },
    {
        "Number": "313",
        "Id": "909045012"
    },
    {
        "Number": "314",
        "Id": "909045015"
    },
    {
        "Number": "315",
        "Id": "909045016"
    },
    {
        "Number": "316",
        "Id": "909045017"
    },
    {
        "Number": "317",
        "Id": "909046001"
    },
    {
        "Number": "318",
        "Id": "909046002"
    },
    {
        "Number": "319",
        "Id": "909046003"
    },
    {
        "Number": "320",
        "Id": "909046004"
    },
    {
        "Number": "321",
        "Id": "909046005"
    },
    {
        "Number": "322",
        "Id": "909046006"
    },
    {
        "Number": "323",
        "Id": "909046007"
    },
    {
        "Number": "324",
        "Id": "909046008"
    },
    {
        "Number": "325",
        "Id": "909046009"
    },
    {
        "Number": "326",
        "Id": "909046010"
    },
    {
        "Number": "327",
        "Id": "909046011"
    },
    {
        "Number": "328",
        "Id": "909046012"
    },
    {
        "Number": "329",
        "Id": "909046013"
    },
    {
        "Number": "330",
        "Id": "909046014"
    },
    {
        "Number": "331",
        "Id": "909046015"
    },
    {
        "Number": "332",
        "Id": "909046016"
    },
    {
        "Number": "333",
        "Id": "909046017"
    },
    {
        "Number": "334",
        "Id": "909047001"
    },
    {
        "Number": "335",
        "Id": "909047002"
    },
    {
        "Number": "336",
        "Id": "909047003"
    },
    {
        "Number": "337",
        "Id": "909047004"
    },
    {
        "Number": "338",
        "Id": "909047005"
    },
    {
        "Number": "339",
        "Id": "909047006"
    },
    {
        "Number": "340",
        "Id": "909047007"
    },
    {
        "Number": "341",
        "Id": "909047008"
    },
    {
        "Number": "342",
        "Id": "909047009"
    },
    {
        "Number": "343",
        "Id": "909047010"
    },
    {
        "Number": "344",
        "Id": "909047011"
    },
    {
        "Number": "345",
        "Id": "909047012"
    },
    {
        "Number": "346",
        "Id": "909047013"
    },
    {
        "Number": "347",
        "Id": "909047015"
    },
    {
        "Number": "348",
        "Id": "909047016"
    },
    {
        "Number": "349",
        "Id": "909047017"
    },
    {
        "Number": "350",
        "Id": "909047018"
    },
    {
        "Number": "351",
        "Id": "909047019"
    },
    {
        "Number": "352",
        "Id": "909048001"
    },
    {
        "Number": "353",
        "Id": "909048002"
    },
    {
        "Number": "354",
        "Id": "909048003"
    },
    {
        "Number": "355",
        "Id": "909048004"
    },
    {
        "Number": "356",
        "Id": "909048005"
    },
    {
        "Number": "357",
        "Id": "909048006"
    },
    {
        "Number": "358",
        "Id": "909048007"
    },
    {
        "Number": "359",
        "Id": "909048008"
    },
    {
        "Number": "360",
        "Id": "909048009"
    },
    {
        "Number": "361",
        "Id": "909048010"
    },
    {
        "Number": "362",
        "Id": "909048011"
    },
    {
        "Number": "363",
        "Id": "909048012"
    },
    {
        "Number": "364",
        "Id": "909048013"
    },
    {
        "Number": "365",
        "Id": "909048014"
    },
    {
        "Number": "366",
        "Id": "909048015"
    },
    {
        "Number": "367",
        "Id": "909048016"
    },
    {
        "Number": "368",
        "Id": "909048017"
    },
    {
        "Number": "369",
        "Id": "909048018"
    },
    {
        "Number": "370",
        "Id": "909049001"
    },
    {
        "Number": "371",
        "Id": "909049002"
    },
    {
        "Number": "372",
        "Id": "909049003"
    },
    {
        "Number": "373",
        "Id": "909049004"
    },
    {
        "Number": "374",
        "Id": "909049005"
    },
    {
        "Number": "375",
        "Id": "909049006"
    },
    {
        "Number": "376",
        "Id": "909049007"
    },
    {
        "Number": "377",
        "Id": "909049008"
    },
    {
        "Number": "378",
        "Id": "909049009"
    },
    {
        "Number": "379",
        "Id": "909049010"
    },
    {
        "Number": "380",
        "Id": "909049011"
    },
    {
        "Number": "381",
        "Id": "909049012"
    },
    {
        "Number": "382",
        "Id": "909049013"
    },
    {
        "Number": "383",
        "Id": "909049014"
    },
    {
        "Number": "384",
        "Id": "909049015"
    },
    {
        "Number": "385",
        "Id": "909049016"
    },
    {
        "Number": "386",
        "Id": "909049017"
    },
    {
        "Number": "387",
        "Id": "909049018"
    },
    {
        "Number": "388",
        "Id": "909049019"
    },
    {
        "Number": "389",
        "Id": "909049020"
    },
    {
        "Number": "390",
        "Id": "909049021"
    },
    {
        "Number": "391",
        "Id": "909050002"
    },
    {
        "Number": "392",
        "Id": "909050003"
    },
    {
        "Number": "393",
        "Id": "909050004"
    },
    {
        "Number": "394",
        "Id": "909050005"
    },
    {
        "Number": "395",
        "Id": "909050006"
    },
    {
        "Number": "396",
        "Id": "909050008"
    },
    {
        "Number": "397",
        "Id": "909050009"
    },
    {
        "Number": "398",
        "Id": "909050010"
    },
    {
        "Number": "399",
        "Id": "909050011"
    },
    {
        "Number": "400",
        "Id": "909050012"
    },
    {
        "Number": "401",
        "Id": "909050013"
    },
    {
        "Number": "402",
        "Id": "909050014"
    },
    {
        "Number": "403",
        "Id": "909050015"
    },
    {
        "Number": "404",
        "Id": "909050016"
    },
    {
        "Number": "405",
        "Id": "909050017"
    },
    {
        "Number": "406",
        "Id": "909050018"
    },
    {
        "Number": "407",
        "Id": "909050019"
    },
    {
        "Number": "408",
        "Id": "909050020"
    },
    {
        "Number": "409",
        "Id": "909050021"
    }
]