{
    "4414439915": "tombot_3S435_BY_SPIDEERIO_GAMING_4UUO8",
    "4414439917": "tombot_9BHU6_BY_SPIDEERIO_GAMING_46DX5",
    "4414439916": "tombot_254VY_BY_SPIDEERIO_GAMING_S0QPL",
    "4414440102": "tombot_OE39U_BY_SPIDEERIO_GAMING_V7CDR",
    "4414440116": "tombot_S472U_BY_SPIDEERIO_GAMING_X8LCP",
    "4414440147": "tombot_P1VGK_BY_SPIDEERIO_GAMING_A960T",
    "4414440331": "tombot_L7Y5Q_BY_SPIDEERIO_GAMING_FKC2Q",
    "4414440358": "tombot_2F42S_BY_SPIDEERIO_GAMING_PG95Q",
    "4414440384": "tombot_6KPAH_BY_SPIDEERIO_GAMING_FA3DI",
    "4414440562": "tombot_5ZM2B_BY_SPIDEERIO_GAMING_15B5G"
}