[
    {
        "Number": "1",
        "Id": "909051021"
    },
    {
        "Number": "2",
        "Id": "909051022"
    },
    {
        "Number": "3",
        "Id": "909052001"
    },
    {
        "Number": "4",
        "Id": "909052002"
    },
    {
        "Number": "5",
        "Id": "909052003"
    },
    {
        "Number": "6",
        "Id": "909052004"
    },
    {
        "Number": "7",
        "Id": "909052005"
    },
    {
        "Number": "8",
        "Id": "909052006"
    },
    {
        "Number": "9",
        "Id": "909052007"
    },
    {
        "Number": "10",
        "Id": "909052009"
    },
    {
        "Number": "11",
        "Id": "909052010"
    },
    {
        "Number": "12",
        "Id": "909052011"
    },
    {
        "Number": "13",
        "Id": "909052012"
    },
    {
        "Number": "14",
        "Id": "909052013"
    },
    {
        "Number": "15",
        "Id": "909052019"
    }
]