{
    "4414442141": "tombot_J3XOU_BY_SPIDEERIO_GAMING_ZS3O1",
    "4414442200": "tombot_TNH7W_BY_SPIDEERIO_GAMING_SQPN2",
    "4414442239": "tombot_9AQC7_BY_SPIDEERIO_GAMING_GYRMO",
    "4414442351": "tombot_3V0MJ_BY_SPIDEERIO_GAMING_FUA9Z",
    "4414442443": "tombot_BH46B_BY_SPIDEERIO_GAMING_TGNKN",
    "4414442452": "tombot_70OZD_BY_SPIDEERIO_GAMING_HLO75",
    "4414442574": "tombot_6O5YX_BY_SPIDEERIO_GAMING_NN7SI",
    "4414442628": "tombot_3OC3Z_BY_SPIDEERIO_GAMING_TJRF4",
    "4414442816": "tombot_CCTJW_BY_SPIDEERIO_GAMING_RLHI2"
}